{"count":1,"gauges":{},"self":4574.5840128,"total":4608.5419535,"children":{"AgentResetIfDone":{"count":230406,"self":2.240194,"total":2.2401939,"children":null},"AgentSendState":{"count":230406,"self":1.1611167999999998,"total":1.2866308,"children":{"CollectObservations":{"count":23041,"self":0.125514,"total":0.125514,"children":null}}},"DecideAction":{"count":230406,"self":27.933878399999998,"total":27.933878399999998,"children":null},"AcademyStep":{"count":230406,"self":0.6847378,"total":0.6847378,"children":null},"AgentAct":{"count":230406,"self":1.8116805999999999,"total":1.8116805999999999,"children":null}}}