{"count":1,"self":7.8261992,"total":7.9383044999999992,"children":{"AgentResetIfDone":{"count":201,"self":0.0005003,"total":0.0005003,"children":null},"AgentSendState":{"count":201,"self":0.0020017999999999998,"total":0.0055051,"children":{"CollectObservations":{"count":588,"self":0.0035033,"total":0.0035033,"children":null}}},"DecideAction":{"count":201,"self":0.1005939,"total":0.1005939,"children":null},"AcademyStep":{"count":201,"self":0,"total":0,"children":null},"AgentAct":{"count":201,"self":0.0055058,"total":0.0055058,"children":null}}}