{"count":1,"gauges":{},"self":19.829432,"total":19.917337099999997,"children":{"AgentResetIfDone":{"count":974,"self":0.0390442,"total":0.0390442,"children":null},"AgentSendState":{"count":974,"self":0.0209412,"total":0.030912799999999997,"children":{"CollectObservations":{"count":2922,"self":0.0099715999999999989,"total":0.0099715999999999989,"children":null}}},"DecideAction":{"count":974,"self":0.0049876,"total":0.0049876,"children":null},"AcademyStep":{"count":974,"self":0.0059847999999999993,"total":0.0059847999999999993,"children":null},"AgentAct":{"count":974,"self":0.0059778999999999995,"total":0.0059778999999999995,"children":null}}}