{"count":1,"gauges":{},"self":248.9270272,"total":306.2214427,"children":{"AgentResetIfDone":{"count":15130,"self":0.22370579999999998,"total":0.22370579999999998,"children":null},"AgentSendState":{"count":15130,"self":0.23579209999999998,"total":0.3173669,"children":{"CollectObservations":{"count":15112,"self":0.0815748,"total":0.0815748,"children":null}}},"DecideAction":{"count":15130,"self":49.731488,"total":56.439000899999996,"children":{"AgentInfo.ToProto":{"count":15112,"self":0.542642,"total":6.7075119,"children":{"RenderTexSensor.GetCompressedObservation":{"count":15112,"self":6.16487,"total":6.1648698999999993,"children":null}}}}},"AcademyStep":{"count":15130,"self":0.090592499999999992,"total":0.090592499999999992,"children":null},"AgentAct":{"count":15130,"self":0.22274639999999998,"total":0.22274639999999998,"children":null}}}