{"count":1,"self":17.311270399999998,"total":19.1068779,"children":{"AgentResetIfDone":{"count":892,"self":0.1025888,"total":0.1025888,"children":null},"AgentSendState":{"count":892,"self":0.0440461,"total":0.11058839999999999,"children":{"CollectObservations":{"count":3576,"self":0.0665423,"total":0.0665423,"children":null}}},"DecideAction":{"count":892,"self":1.5433928,"total":1.5433928,"children":null},"AcademyStep":{"count":892,"self":0.0050052,"total":0.0050052,"children":null},"AgentAct":{"count":892,"self":0.0330322,"total":0.0330322,"children":null}}}