{"count":1,"gauges":{},"self":11.666003199999999,"total":11.755598299999999,"children":{"AgentResetIfDone":{"count":580,"self":0.0015013,"total":0.0015013,"children":null},"AgentSendState":{"count":580,"self":0.037043,"total":0.0670725,"children":{"CollectObservations":{"count":6960,"self":0.030029499999999997,"total":0.030029499999999997,"children":null}}},"DecideAction":{"count":580,"self":0.0110104,"total":0.0110104,"children":null},"AcademyStep":{"count":580,"self":0.0015017,"total":0.0015017,"children":null},"AgentAct":{"count":580,"self":0.007508,"total":0.007508,"children":null}}}