{"count":1,"gauges":{},"self":24.3067024,"total":389.83237429999997,"children":{"AgentResetIfDone":{"count":11197,"self":0.1485322,"total":0.1485322,"children":null},"AgentSendState":{"count":11197,"self":1.8058167999999999,"total":2.6400201,"children":{"CollectObservations":{"count":134364,"self":0.83420339999999993,"total":0.83420339999999993,"children":null}}},"DecideAction":{"count":11197,"self":229.9154432,"total":362.0505248,"children":{"AgentInfo.ToProto":{"count":11197,"self":2.6970707999999997,"total":132.1350819,"children":{"CameraSensor.GetCompressedObservation":{"count":134364,"self":129.438016,"total":129.4380112,"children":null}}}}},"AcademyStep":{"count":11197,"self":0.0600042,"total":0.0600042,"children":null},"AgentAct":{"count":11197,"self":0.6255904,"total":0.6255904,"children":null}}}