{"count":1,"self":16.2032416,"total":16.29007,"children":{"AgentResetIfDone":{"count":787,"self":0.0055365,"total":0.0055365,"children":null},"AgentSendState":{"count":787,"self":0.041363199999999996,"total":0.066539199999999993,"children":{"CollectObservations":{"count":9444,"self":0.025176,"total":0.025176,"children":null}}},"DecideAction":{"count":787,"self":0.0095789,"total":0.0095789,"children":null},"AcademyStep":{"count":787,"self":0.001696,"total":0.001696,"children":null},"AgentAct":{"count":787,"self":0.0024859,"total":0.0024859,"children":null}}}