{"count":1,"gauges":{},"self":7.4103575999999993,"total":7.4714182,"children":{"AgentResetIfDone":{"count":365,"self":0.0015008999999999999,"total":0.0015008999999999999,"children":null},"AgentSendState":{"count":365,"self":0.028028499999999998,"total":0.0445466,"children":{"CollectObservations":{"count":4380,"self":0.0165181,"total":0.0165181,"children":null}}},"DecideAction":{"count":365,"self":0.009508899999999999,"total":0.009508899999999999,"children":null},"AcademyStep":{"count":365,"self":0.0005004,"total":0.0005004,"children":null},"AgentAct":{"count":365,"self":0.0040031,"total":0.0040031,"children":null}}}