{"count":1,"gauges":{},"self":22.988300799999998,"total":23.0468275,"children":{"AgentResetIfDone":{"count":1142,"self":0.0170171,"total":0.0170171,"children":null},"AgentSendState":{"count":1142,"self":0.0134886,"total":0.0149901,"children":{"CollectObservations":{"count":1142,"self":0.0015015,"total":0.0015015,"children":null}}},"DecideAction":{"count":1142,"self":0.0255185,"total":0.0255185,"children":null}}}