{"count":1,"self":58.494297599999996,"total":257.4633675,"children":{"AgentResetIfDone":{"count":12834,"self":178.27153919999998,"total":178.2715328,"children":null},"AgentSendState":{"count":12834,"self":0.3760598,"total":0.762126,"children":{"CollectObservations":{"count":25668,"self":0.38606619999999997,"total":0.38606619999999997,"children":null}}},"DecideAction":{"count":12834,"self":18.9323312,"total":19.6187442,"children":{"AgentInfo.ToProto":{"count":4278,"self":0.6864132,"total":0.6864132,"children":null}}},"AcademyStep":{"count":12834,"self":0.0619944,"total":0.0619944,"children":null},"AgentAct":{"count":12834,"self":0.2536835,"total":0.2536835,"children":null}}}