{"count":1,"gauges":{},"self":1650.4371199999998,"total":1982.1303816,"children":{"AgentResetIfDone":{"count":98635,"self":29.5437536,"total":29.543754,"children":null},"AgentSendState":{"count":98635,"self":4.8631416,"total":7.7712781,"children":{"CollectObservations":{"count":197274,"self":2.9081364,"total":2.9081364,"children":null}}},"DecideAction":{"count":98635,"self":288.09397759999996,"total":290.5249148,"children":{"AgentInfo.ToProto":{"count":32879,"self":2.4309288,"total":2.4309289,"children":null}}},"AcademyStep":{"count":98635,"self":0.75595899999999994,"total":0.75595899999999994,"children":null},"AgentAct":{"count":98635,"self":3.0964036,"total":3.0964034999999996,"children":null}}}