{"count":1,"self":337.1928064,"total":340.40863579999996,"children":{"AgentResetIfDone":{"count":15019,"self":1.8505032,"total":1.8505033,"children":null},"AgentSendState":{"count":15019,"self":0.3854912,"total":1.0041309999999999,"children":{"CollectObservations":{"count":60084,"self":0.6186398,"total":0.6186398,"children":null}}},"DecideAction":{"count":15019,"self":0.24849149999999998,"total":0.24849149999999998,"children":null},"AcademyStep":{"count":15019,"self":0.0401915,"total":0.0401915,"children":null},"AgentAct":{"count":15019,"self":0.071547,"total":0.071547,"children":null}}}